water,fish  
land,tiger  
sky,eagle  
desert,camel  
ocean,shark  
river,crocodile  
forest,deer  
mountain,goat  
ice,penguin  
savanna,lion  
lake,duck  
swamp,alligator  
jungle,monkey  
coral reef,clownfish  
grassland,zebra  
cave,bat  
pond,frog  
volcano,lizard  
tundra,polar bear  
marsh,heron  
water,whale  
land,elephant  
sky,hawk  
desert,scorpion  
ocean,dolphin  
river,otter  
forest,fox  
mountain,sheep  
ice,seal  
savanna,cheetah  
lake,fish  
swamp,frog  
jungle,panda  
coral reef,turtle  
grassland,giraffe  
cave,spider  
pond,water lily  
volcano,monkey  
tundra,arctic fox  
marsh,reed  
water,salmon  
land,bear  
sky,owl  
desert,lizard  
ocean,octopus  
river,fish  
forest,wolf  
mountain,snow leopard  
ice,walrus  
savanna,hyena  
lake,swan  
swamp,mudfish  
jungle,tiger  
coral reef,sea horse  
grassland,antelope  
cave,bat  
pond,dragonfly  
volcano,frog  
tundra,caribou  
marsh,dragonfly  
water,starfish  
land,koala  
sky,parrot  
desert,fennec  
ocean,manta ray  
river,snake  
forest,wild boar  
mountain,raven  
ice,polar bear  
savanna,elephant  
lake,beaver  
swamp,leech  
jungle,gorilla  
coral reef,sea turtle  
grassland,wildebeest  
cave,stag  
pond,fish  
volcano,hawk  
tundra,snow owl  
marsh,egret  
water,piranha  
land,gorilla  
sky,kingfisher  
desert,jackal  
ocean,seahorse  
river,turtle  
forest,coyote  
mountain,lynx  
ice,seal  
savanna,impala  
lake,water snake  
swamp,platypus  
jungle,leopard  
coral reef,octopus  
grassland,bison  
cave,fungi  
pond,water vole  
volcano,buffalo  
tundra,ermine  
marsh,pike  
water,ray  
land,bison  
sky,sparrow  
desert,badger  
ocean,barracuda  
river,sturgeon  
forest,beetle  
mountain,ibex  
ice,krill  
savanna,ostrich  
lake,muskellunge  
swamp,water bug  
jungle,rhinoceros  
coral reef,angel fish  
grassland,elk  
cave,mole  
pond,water beetle  
volcano,vulture  
tundra,snowshoe hare  
marsh,frog  
water,clownfish  
land,badger  
sky,stork  
desert,roadrunner  
ocean,squid  
river,beaver  
forest,woodpecker  
mountain,bear  
ice,whale  
savanna,impala  
lake,crab  
swamp,mole  
jungle,sloth  
coral reef,shrimp  
grassland,coyote  
cave,mole  
pond,bass  
volcano,gecko  
tundra,reindeer  
marsh,water snake  
water,blue whale  
land,sheep  
sky,eagle  
desert,gerbil  
ocean,starfish  
river,swan  
forest,koala  
mountain,arctic fox  
ice,seagull  
savanna,gazelle  
lake,pike  
swamp,crayfish  
jungle,zebra  
coral reef,anemone fish  
grassland,warthog  
cave,basilisk  
pond,salmon  
volcano,rattlesnake  
tundra,caribou  
marsh,kingfisher  
water,beluga  
land,rabbit  
sky,crane  
desert,meerkat  
ocean,moray eel  
river,catfish  
forest,squirrel  
mountain,raccoon  
ice,walrus  
savanna,buffalo  
lake,perch  
swamp,water spider  
jungle,pangolin  
coral reef,jellyfish  
grassland,horse  
cave,beetle  
pond,snail  
volcano,platypus  
tundra,lemming  
marsh,fawn  
water,goby  
land,wild boar  
sky,hummingbird  
desert,gerbil  
ocean,whale shark  
river,damselfly  
forest,woodchuck  
mountain,ram  
ice,snowy owl  
savanna,antelope  
lake,catfish  
swamp,spotted frog  
jungle,toucan  
coral reef,ray  
grassland,porcupine  
cave,rat  
pond,mallard  
volcano,parrot  
tundra,polar fox  
marsh,swallow  
water,seabass  
land,moose  
sky,falcon  
desert,horned toad  
ocean,clownfish  
river,water snake  
forest,raven  
mountain,bighorn sheep  
ice,leopard seal  
savanna,warthog  
lake,prawn  
swamp,swallowtail  
jungle,pangolin  
coral reef,dolphin  
grassland,elk  
cave,pangolin  
pond,tadpole  
volcano,basilisk  
tundra,wolverine  
marsh,tree frog  
